"query","significant","p_value","term_size","query_size","intersection_size","precision","recall","term_id","source","term_name","effective_domain_size","source_order","parents","evidence_codes","intersection","query_name"
"query_1",TRUE,0.000143968593007847,3473,75,32,0.426666666666667,0.00921393607831846,"GO:0023051","GO:BP","regulation of signaling",20972,6204,"GO:0023052;GO:0050789","IMP ISS IEA,IMP IBA,ISS IEA,IDA IBA IEA,IMP,NAS,IDA IMP ISS IBA TAS IEA,IDA IEA,IEA,IDA IMP ISS NAS IEA,IDA,IDA IMP ISS IBA IEA,ISS,IDA IMP IBA,IDA IMP IGI TAS,IMP,IEA,ISS,IDA,IDA,TAS,IBA NAS IEA,IDA IMP IEA,IEA,ISS IEA,IDA,ISS IEA,IDA IMP IEA,IDA IMP IEA,IDA IMP ISS,IDA IGI ISS TAS IEA,IEA","MAP3K5,TMEM170B,CIDEA,TNIP1,ARL6IP5,AGTR1,PTPN11,WFS1,TNFRSF11B,SQSTM1,TRIM8,LAMTOR1,HCAR2,FST,APOE,PPP2R1B,FZD4,RBPMS2,DCN,UCHL1,ARHGAP21,IGFBP3,BAMBI,KLF15,STMN3,FBP1,FABP5,TRIM6,ANGPT1,P2RX4,JAK2,CLMP","relaxed_no_i2_abs0.1_all_significant"
"query_1",TRUE,0.000151093230935036,3480,75,32,0.426666666666667,0.00919540229885057,"GO:0010646","GO:BP","regulation of cell communication",20972,4105,"GO:0007154;GO:0050794","IMP ISS IEA,IMP IBA,ISS IEA,IDA IBA IEA,IMP,NAS,IDA IMP ISS IBA TAS IEA,IDA IEA,IEA,IDA IMP ISS NAS IEA,IDA,IDA IMP ISS IBA IEA,ISS,IDA IMP IBA,IDA IMP IGI TAS,IMP,IEA,ISS,IDA,IDA,TAS,IBA NAS IEA,IDA IMP IEA,IEA,ISS IEA,IDA,ISS IEA,IDA IMP IEA,IDA IMP IEA,IDA IMP ISS,IDA IGI ISS TAS IEA,IEA","MAP3K5,TMEM170B,CIDEA,TNIP1,ARL6IP5,AGTR1,PTPN11,WFS1,TNFRSF11B,SQSTM1,TRIM8,LAMTOR1,HCAR2,FST,APOE,PPP2R1B,FZD4,RBPMS2,DCN,UCHL1,ARHGAP21,IGFBP3,BAMBI,KLF15,STMN3,FBP1,FABP5,TRIM6,ANGPT1,P2RX4,JAK2,CLMP","relaxed_no_i2_abs0.1_all_significant"
"query_1",TRUE,0.000312957938139983,3993,75,34,0.453333333333333,0.00851490107688455,"GO:0048583","GO:BP","regulation of response to stimulus",20972,12005,"GO:0050789;GO:0050896","IMP ISS IEA,IMP IBA,ISS IEA,IDA ISS IBA IEA,IMP,ISS IBA IEA,TAS IC,IDA IMP ISS IBA TAS IEA,IDA IMP IEA,IEA,IDA IMP NAS,IDA,IDA IMP ISS IBA IEA,IDA IMP IBA,IDA IMP IGI TAS IEA,IMP,IEA,ISS,IMP,IDA,IDA IBA,IDA,TAS,IBA NAS IEA,IDA IMP IEA,IEA,ISS IEA,IDA,IEA,IDA IBA TAS IEA,IDA IMP IEA,IDA IMP IEA,IDA IMP ISS,IDA IGI ISS TAS NAS IEA","MAP3K5,TMEM170B,CIDEA,TNIP1,ARL6IP5,AKIRIN2,AGTR1,PTPN11,WFS1,TNFRSF11B,SQSTM1,TRIM8,LAMTOR1,FST,APOE,PPP2R1B,FZD4,RBPMS2,COLEC12,DCN,SLF2,UCHL1,ARHGAP21,IGFBP3,BAMBI,KLF15,STMN3,FBP1,FABP5,CFH,TRIM6,ANGPT1,P2RX4,JAK2","relaxed_no_i2_abs0.1_all_significant"
"query_1",TRUE,0.000366986281351263,3031,75,29,0.386666666666667,0.00956779940613659,"GO:0009966","GO:BP","regulation of signal transduction",20972,3643,"GO:0007165;GO:0010646;GO:0023051;GO:0048583","IMP ISS IEA,IMP IBA,ISS IEA,IDA IBA IEA,IMP,IDA IMP ISS IBA TAS IEA,IDA IEA,IEA,IDA IMP NAS,IDA,IDA IMP ISS IBA IEA,IDA IMP IBA,IDA IMP IGI TAS,IMP,IEA,ISS,IDA,IDA,TAS,IBA NAS IEA,IDA IMP IEA,IEA,ISS IEA,IDA,IEA,IDA IMP IEA,IDA IMP IEA,IDA IMP ISS,IDA IGI ISS TAS IEA","MAP3K5,TMEM170B,CIDEA,TNIP1,ARL6IP5,PTPN11,WFS1,TNFRSF11B,SQSTM1,TRIM8,LAMTOR1,FST,APOE,PPP2R1B,FZD4,RBPMS2,DCN,UCHL1,ARHGAP21,IGFBP3,BAMBI,KLF15,STMN3,FBP1,FABP5,TRIM6,ANGPT1,P2RX4,JAK2","relaxed_no_i2_abs0.1_all_significant"
"query_1",TRUE,0.000400745443225108,6535,75,45,0.6,0.00688599846977812,"GO:0032502","GO:BP","developmental process",20972,7117,"GO:0008150","IEA,IBA IEA,ISS IEA,ISS IEA,IMP,IMP IGI,IDA,IBA IEA,IMP ISS IEA,IMP IEA,IEA,ISO TAS IEA,IEP,IBA IEA,IEA,TAS,IEA,IEA,ISS IEA,IDA IBA IEA,IEA,IDA ISS TAS IEA,IMP,IMP ISS IBA IEA,IMP ISS IBA,IDA IGI TAS,IEA,TAS IEA,IEA,IEA,IEA,IDA IEA,ISS IBA IEA,IMP,ISS IEA,ISS IBA TAS IEA,IMP IEP IEA,TAS,IDA IBA,IEA,IEA,IDA ISS IBA IEA,ISS TAS,ISS IBA TAS IEA,IMP","MAP3K5,TUBB2A,CIDEA,AKIRIN2,ALDH3A2,AGTR1,MMD,PALLD,PTPN11,WFS1,MFGE8,TNFRSF11B,HNRNPH3,TNMD,TM4SF1,COL6A3,SQSTM1,TRIM8,EHD2,FST,SAV1,APOE,PPP2R1B,FZD4,RBPMS2,DCN,UCHL1,CRABP2,ITPK1,HLF,NOTCH3,IGFBP3,SDC2,BAMBI,KLF15,STMN3,AQP1,FABP5,SPARC,CD248,TRIM6,ANGPT1,P2RX4,JAK2,CLMP","relaxed_no_i2_abs0.1_all_significant"
"query_1",TRUE,0.000678197877249528,190,75,8,0.106666666666667,0.0421052631578947,"GO:0033002","GO:BP","muscle cell proliferation",20972,7457,"GO:0008283","IEA,IEA,ISS IEA,ISS,IEA,IDA,IDA,IEA","MAP3K5,SAV1,APOE,RBPMS2,NOTCH3,IGFBP3,ANGPT1,JAK2","relaxed_no_i2_abs0.1_all_significant"
"query_1",TRUE,0.00217099299249083,6150,75,42,0.56,0.00682926829268293,"GO:0048518","GO:BP","positive regulation of biological process",20972,11952,"GO:0008150;GO:0050789","IDA IMP ISS IEA,IMP IBA,IDA ISS,IMP,ISS IBA IEA,IMP IGI TAS,IDA,IDA IMP ISS IBA TAS IEA,IDA ISS IEA,IDA ISS TAS IEA,IDA IMP IEA,IDA IMP ISS IBA IEA,IDA ISS,ISS IEA,IDA,IBA IEA,IMP,IDA IMP IGI ISS TAS IEA,IMP,IDA IMP ISS IEA,ISS,IMP,IDA IGI,IDA IMP IBA,IMP,IEA,IMP IBA,IDA,IMP IEA,IDA IMP IEA,IDA IMP IEA,IMP IEA,IDA IMP IEA,ISS IEA,IDA IBA TAS IEA,IDA,IEA,IDA IMP IEA,IDA IMP IEA,IDA ISS TAS IEA,IDA IMP ISS TAS NAS,IDA IGI ISS TAS NAS IEA","MAP3K5,LIMCH1,TNIP1,ARL6IP5,AKIRIN2,AGTR1,MMD,PTPN11,WFS1,SQSTM1,TRIM8,LAMTOR1,HCAR2,EHD2,FST,SAV1,LCP1,APOE,PPP2R1B,FZD4,RBPMS2,COLEC12,DCN,SLF2,UCHL1,CRABP2,CCND2,HLF,NOTCH3,IGFBP3,BAMBI,KLF15,AQP1,FABP5,CFH,SPARC,CD248,TRIM6,ANGPT1,SCARB1,P2RX4,JAK2","relaxed_no_i2_abs0.1_all_significant"
"query_1",TRUE,0.00217562348298121,1532,75,19,0.253333333333333,0.012402088772846,"GO:0016477","GO:BP","cell migration",20972,4977,"GO:0048870","IMP,IBA,IDA,IEA,IEA,IMP,IDA IMP,IMP,IDA,IDA,IBA,IDA,IEA,IDA,IBA IEA,IDA,TAS IEA,IMP ISS TAS,IEA","LIMCH1,TUBB2A,AGTR1,PALLD,PTPN11,LCP1,APOE,FZD4,DCN,IGFBP3,SDC2,BAMBI,AQP1,SPARC,CD248,ANGPT1,SCARB1,P2RX4,JAK2","relaxed_no_i2_abs0.1_all_significant"
"query_1",TRUE,0.00261276822022983,5948,75,41,0.546666666666667,0.00689307330195024,"GO:0048856","GO:BP","anatomical structure development",20972,12247,"GO:0032502","IEA,IBA IEA,ISS IEA,IMP,IMP IGI,IDA,IBA IEA,IMP ISS IEA,IMP IEA,IEA,ISO TAS IEA,IEP,IBA IEA,IEA,TAS,ISS IEA,IDA IEA,IEA,IDA ISS TAS IEA,IMP,IMP ISS IBA IEA,IMP ISS IBA,IDA IGI TAS,IEA,TAS IEA,IEA,IEA,IEA,IDA,ISS IBA IEA,IMP,ISS IEA,ISS IBA TAS IEA,IMP IEP IEA,TAS,IDA IBA,IEA,IDA ISS IBA IEA,ISS TAS,ISS IBA TAS IEA,IMP","MAP3K5,TUBB2A,AKIRIN2,ALDH3A2,AGTR1,MMD,PALLD,PTPN11,WFS1,MFGE8,TNFRSF11B,HNRNPH3,TNMD,TM4SF1,COL6A3,EHD2,FST,SAV1,APOE,PPP2R1B,FZD4,RBPMS2,DCN,UCHL1,CRABP2,ITPK1,HLF,NOTCH3,IGFBP3,SDC2,BAMBI,KLF15,STMN3,AQP1,FABP5,SPARC,CD248,ANGPT1,P2RX4,JAK2,CLMP","relaxed_no_i2_abs0.1_all_significant"
"query_1",TRUE,0.00319041202138506,57,75,5,0.0666666666666667,0.087719298245614,"GO:0060986","GO:BP","endocrine hormone secretion",20972,14061,"GO:0046879;GO:0050886","NAS,IEA,ISS,IEA,IEA","AGTR1,PTPN11,HCAR2,FZD4,AQP1","relaxed_no_i2_abs0.1_all_significant"
"query_1",TRUE,0.00386403455741574,748,75,13,0.173333333333333,0.017379679144385,"GO:0031399","GO:BP","regulation of protein modification process",20972,6699,"GO:0036211;GO:0051246","IDA IMP,IMP,IDA,IDA,IDA ISS IEA,IDA IEA,IDA,IDA,IDA,IMP,IMP,IDA,ISS","MAP3K5,LIMCH1,TNIP1,MMD,WFS1,SQSTM1,APOE,UCHL1,IGFBP3,KLF15,TRIM6,ANGPT1,JAK2","relaxed_no_i2_abs0.1_all_significant"
"query_1",TRUE,0.00547545554082805,433,75,10,0.133333333333333,0.023094688221709,"GO:0006869","GO:BP","lipid transport",20972,2401,"GO:0006810;GO:0010876","IEA,NAS,IEA,IMP,IDA IGI ISS IBA IEA,IEA,IBA,IMP IBA IEA,IDA IMP IEP ISS IBA IEA,NAS","CIDEA,AGTR1,PTPN11,LAMTOR1,APOE,FZD4,CRABP2,FABP5,SCARB1,P2RX4","relaxed_no_i2_abs0.1_all_significant"
"query_1",TRUE,0.00556930942645994,1961,75,21,0.28,0.0107088220295767,"GO:0008283","GO:BP","cell population proliferation",20972,3010,"GO:0009987","IEA,IGI NAS,IDA,IBA IEA,IEA,IEA,IBA IEA,IDA ISS IEA,IEA,ISS,IEA,IMP,IEA,IDA IGI IEA,IMP,IDA,IDA,IEA,IDA,IEA,IDA ISS NAS IEA","MAP3K5,AGTR1,PTPN11,TNMD,SQSTM1,FST,SAV1,APOE,FZD4,RBPMS2,UCHL1,CCND2,NOTCH3,IGFBP3,BAMBI,AQP1,SPARC,CD248,ANGPT1,SCARB1,JAK2","relaxed_no_i2_abs0.1_all_significant"
"query_1",TRUE,0.00608400091178895,2320,75,23,0.306666666666667,0.00991379310344828,"GO:0048584","GO:BP","positive regulation of response to stimulus",20972,12006,"GO:0048518;GO:0048583;GO:0050896","IMP ISS IEA,ISS,IMP,ISS IBA IEA,TAS,IDA IMP ISS IBA IEA,IEA,IDA,IDA,IDA IMP ISS IBA IEA,IMP,IMP,IMP,IDA,IDA IBA,IEA,IDA IMP IEA,IEA,IDA IBA TAS IEA,IDA IMP IEA,IDA IEA,IDA IMP ISS,IDA IGI ISS TAS NAS IEA","MAP3K5,TNIP1,ARL6IP5,AKIRIN2,AGTR1,PTPN11,WFS1,SQSTM1,TRIM8,LAMTOR1,APOE,PPP2R1B,COLEC12,DCN,SLF2,IGFBP3,BAMBI,FABP5,CFH,TRIM6,ANGPT1,P2RX4,JAK2","relaxed_no_i2_abs0.1_all_significant"
"query_1",TRUE,0.00785054987251708,451,75,10,0.133333333333333,0.0221729490022173,"GO:0010876","GO:BP","lipid localization",20972,4255,"GO:0033036","IEA,NAS,IEA,IMP,IDA IGI ISS IBA IEA,IEA,IBA,IMP IBA IEA,IDA IMP IEP ISS IBA IEA,NAS","CIDEA,AGTR1,PTPN11,LAMTOR1,APOE,FZD4,CRABP2,FABP5,SCARB1,P2RX4","relaxed_no_i2_abs0.1_all_significant"
"query_1",TRUE,0.00911740791909182,5739,75,39,0.52,0.00679560899111343,"GO:0048522","GO:BP","positive regulation of cellular process",20972,11956,"GO:0009987;GO:0048518;GO:0050794","IDA IMP ISS IEA,IMP IBA,IDA ISS,IMP,ISS IBA IEA,IMP IGI TAS,IDA,IDA IMP ISS IBA TAS IEA,IDA ISS IEA,IDA ISS TAS IEA,IDA IMP IEA,IDA IMP ISS IBA IEA,IDA ISS,ISS IEA,IBA IEA,IMP,IDA IMP IGI ISS TAS IEA,IMP,IDA IMP ISS IEA,ISS,IDA IGI,IDA IMP IBA,IMP,IEA,IMP IBA,IDA,IMP IEA,IDA IMP IEA,IDA IMP IEA,IMP IEA,IDA IEA,IEA,IDA,IEA,IDA IMP IEA,IDA IMP IEA,IDA ISS TAS IEA,IDA IMP ISS TAS NAS,IDA IGI ISS TAS NAS IEA","MAP3K5,LIMCH1,TNIP1,ARL6IP5,AKIRIN2,AGTR1,MMD,PTPN11,WFS1,SQSTM1,TRIM8,LAMTOR1,HCAR2,EHD2,SAV1,LCP1,APOE,PPP2R1B,FZD4,RBPMS2,DCN,SLF2,UCHL1,CRABP2,CCND2,HLF,NOTCH3,IGFBP3,BAMBI,KLF15,AQP1,FABP5,SPARC,CD248,TRIM6,ANGPT1,SCARB1,P2RX4,JAK2","relaxed_no_i2_abs0.1_all_significant"
"query_1",TRUE,0.00985709049947699,125,75,6,0.08,0.048,"GO:0048660","GO:BP","regulation of smooth muscle cell proliferation",20972,12069,"GO:0042127;GO:0048659","IEA,ISS IEA,ISS,IEA,IDA,IEA","MAP3K5,APOE,RBPMS2,NOTCH3,IGFBP3,JAK2","relaxed_no_i2_abs0.1_all_significant"
"query_1",TRUE,0.0113014652887608,128,75,6,0.08,0.046875,"GO:0048659","GO:BP","smooth muscle cell proliferation",20972,12068,"GO:0033002","IEA,ISS IEA,ISS,IEA,IDA,IEA","MAP3K5,APOE,RBPMS2,NOTCH3,IGFBP3,JAK2","relaxed_no_i2_abs0.1_all_significant"
"query_1",TRUE,0.0133811762918962,2431,75,23,0.306666666666667,0.00946112710818593,"GO:0050793","GO:BP","regulation of developmental process",20972,12400,"GO:0032502;GO:0050789","IEA,IEA,IMP,IDA,ISS IEA,ISO IEA,IBA IEA,ISS IEA,IDA IEA,IEA,IDA TAS,ISS IEA,IMP ISS IBA,IDA IGI,IEA,IEA,IDA,ISS IEA,IMP,IMP,IDA,IEA,IEA","MAP3K5,AKIRIN2,AGTR1,MMD,PTPN11,TNFRSF11B,TNMD,EHD2,FST,SAV1,APOE,FZD4,RBPMS2,DCN,CRABP2,NOTCH3,IGFBP3,SDC2,BAMBI,AQP1,SPARC,TRIM6,JAK2","relaxed_no_i2_abs0.1_all_significant"
"query_1",TRUE,0.0134986818815382,6558,75,42,0.56,0.00640439158279963,"GO:0023052","GO:BP","signaling",20972,6205,"GO:0050789","IDA IMP IGI ISS IBA TAS IEA,IMP IBA IEA,ISS IEA,IDA ISS IBA IEA,IDA IMP,IDA IBA TAS NAS IEA,IDA IMP ISS IBA TAS IEA,IDA IBA TAS IEA,IBA,TAS IEA,IDA IMP ISS TAS NAS IEA,IDA,IBA,IDA IMP ISS IBA NAS IEA,ISS IBA IEA,IMP TAS IEA,IDA IMP IBA IEA,IDA ISS IBA IEA,IDA IMP IGI TAS,IMP,IDA ISS IBA TAS IEA,ISS,IMP NAS,IDA,IDA,TAS,TAS,TAS IEA,IBA IEA,IBA NAS IEA,IDA IMP IBA IEA,IEA,ISS IEA,IEA,IDA,ISS IEA,IDA IMP IEA,IDA IMP IBA NAS IEA,IEA,IDA IMP ISS TAS NAS IEA,IDA IMP IGI ISS IBA TAS NAS IEA,IEA","MAP3K5,TMEM170B,CIDEA,TNIP1,ARL6IP5,AGTR1,PTPN11,WFS1,MAST3,TNFRSF11B,SQSTM1,TRIM8,FGFBP2,LAMTOR1,HCAR2,MRAS,FST,SAV1,APOE,PPP2R1B,FZD4,RBPMS2,COLEC12,DCN,UCHL1,CRABP2,ITPK1,ARHGAP21,NOTCH3,IGFBP3,BAMBI,KLF15,STMN3,AQP1,FBP1,FABP5,TRIM6,ANGPT1,SCARB1,P2RX4,JAK2,CLMP","relaxed_no_i2_abs0.1_all_significant"
"query_1",TRUE,0.0138228985626304,4023,75,31,0.413333333333333,0.00770569226945066,"GO:0048731","GO:BP","system development",20972,12138,"GO:0007275;GO:0048856","IBA IEA,ISS IEA,IMP,IMP IGI,IDA,IBA,IMP ISS IEA,IMP,IEA,TAS,IBA IEA,IEA,IEA,IDA ISS TAS IEA,IMP ISS IBA IEA,ISS,IDA,IEA,IEA,IEA,IEA,ISS IBA IEA,ISS IEA,ISS IBA TAS IEA,IMP IEP IEA,IDA,IEA,IDA ISS IBA IEA,ISS TAS,IEA,IMP","TUBB2A,AKIRIN2,ALDH3A2,AGTR1,MMD,PALLD,PTPN11,WFS1,MFGE8,TNFRSF11B,TNMD,FST,SAV1,APOE,FZD4,RBPMS2,DCN,UCHL1,CRABP2,ITPK1,NOTCH3,SDC2,KLF15,STMN3,AQP1,SPARC,CD248,ANGPT1,P2RX4,JAK2,CLMP","relaxed_no_i2_abs0.1_all_significant"
"query_1",TRUE,0.0159811544412037,6598,75,42,0.56,0.0063655653228251,"GO:0007154","GO:BP","cell communication",20972,2584,"GO:0009987","IDA IMP IGI ISS IBA TAS IEA,IMP IBA IEA,ISS IEA,IDA ISS IBA IEA,IDA IMP,IDA IBA TAS NAS IEA,IDA IMP ISS IBA TAS IEA,IDA IBA TAS IEA,IBA,TAS IEA,IDA IMP ISS TAS NAS IEA,IDA,IBA,IDA IMP ISS IBA NAS IEA,ISS IBA IEA,IMP TAS IEA,IDA IMP IBA IEA,IDA ISS IBA IEA,IDA IMP IGI TAS,IMP,IDA ISS IBA TAS IEA,ISS,IMP NAS,IDA,IDA IEA,TAS,TAS,TAS IEA,IBA IEA,IBA NAS IEA,IDA IMP IBA IEA,IEA,ISS IEA,IEA,IDA,ISS IEA,IDA IMP IEA,IDA IMP IBA NAS IEA,IEA,IDA IMP ISS TAS NAS IEA,IDA IMP IGI ISS IBA TAS NAS IEA,IEA","MAP3K5,TMEM170B,CIDEA,TNIP1,ARL6IP5,AGTR1,PTPN11,WFS1,MAST3,TNFRSF11B,SQSTM1,TRIM8,FGFBP2,LAMTOR1,HCAR2,MRAS,FST,SAV1,APOE,PPP2R1B,FZD4,RBPMS2,COLEC12,DCN,UCHL1,CRABP2,ITPK1,ARHGAP21,NOTCH3,IGFBP3,BAMBI,KLF15,STMN3,AQP1,FBP1,FABP5,TRIM6,ANGPT1,SCARB1,P2RX4,JAK2,CLMP","relaxed_no_i2_abs0.1_all_significant"
"query_1",TRUE,0.0186393205765115,1449,75,17,0.226666666666667,0.0117322291235335,"GO:0023057","GO:BP","negative regulation of signaling",20972,6207,"GO:0023051;GO:0023052;GO:0048519","IMP IBA,ISS IEA,IDA IBA,IEA,IDA IEA,IEA,IDA,IDA IMP IBA,IDA IGI TAS,ISS,IDA,IDA,NAS,IDA IMP IEA,ISS IEA,IDA,IMP","TMEM170B,CIDEA,TNIP1,PTPN11,WFS1,TNFRSF11B,SQSTM1,FST,APOE,RBPMS2,DCN,UCHL1,IGFBP3,BAMBI,STMN3,FBP1,ANGPT1","relaxed_no_i2_abs0.1_all_significant"
"query_1",TRUE,0.0186393205765115,1449,75,17,0.226666666666667,0.0117322291235335,"GO:0010648","GO:BP","negative regulation of cell communication",20972,4107,"GO:0007154;GO:0010646;GO:0048523","IMP IBA,ISS IEA,IDA IBA,IEA,IDA IEA,IEA,IDA,IDA IMP IBA,IDA IGI TAS,ISS,IDA,IDA,NAS,IDA IMP IEA,ISS IEA,IDA,IMP","TMEM170B,CIDEA,TNIP1,PTPN11,WFS1,TNFRSF11B,SQSTM1,FST,APOE,RBPMS2,DCN,UCHL1,IGFBP3,BAMBI,STMN3,FBP1,ANGPT1","relaxed_no_i2_abs0.1_all_significant"
"query_1",TRUE,0.0205877968490416,7425,75,45,0.6,0.00606060606060606,"GO:0051716","GO:BP","cellular response to stimulus",20972,12983,"GO:0009987;GO:0050896","IDA IMP IGI ISS IBA TAS IEA,IMP IBA IEA,ISS IEA,IDA ISS IBA IEA,IDA IMP IEA,IDA,IDA IBA TAS NAS IEA,IDA IMP ISS IBA TAS IEA,IDA IMP ISS IBA TAS IEA,IBA,TAS IEA,IDA IMP IGI TAS NAS,IDA,IDA IMP ISS IBA NAS IEA,IBA IEA,IBA IEA,IMP TAS IEA,IDA IMP IBA IEA,IDA ISS IBA IEA,IDA IMP IGI TAS IEA,IMP,IDA ISS IBA TAS IEA,ISS,IMP NAS,IDA,IDA IBA NAS IEA,IDA IEA,TAS,TAS,IEA,TAS IEA,IBA IEA,IBA NAS IEA,IDA IMP IBA IEA,IEA,TAS IEA,ISS IEA,IDA IMP IEP,IDA IEA,IEA,IDA IMP IEA,IDA IMP IBA NAS IEA,IEA,IDA IMP ISS TAS IEA,IDA IMP IGI ISS IBA TAS NAS IEA","MAP3K5,TMEM170B,CIDEA,TNIP1,ARL6IP5,AKIRIN2,AGTR1,PTPN11,WFS1,MAST3,TNFRSF11B,SQSTM1,TRIM8,LAMTOR1,SRXN1,HCAR2,MRAS,FST,SAV1,APOE,PPP2R1B,FZD4,RBPMS2,COLEC12,DCN,SLF2,UCHL1,CRABP2,ITPK1,CCND2,ARHGAP21,NOTCH3,IGFBP3,BAMBI,KLF15,MGME1,STMN3,AQP1,FBP1,FABP5,TRIM6,ANGPT1,SCARB1,P2RX4,JAK2","relaxed_no_i2_abs0.1_all_significant"
"query_1",TRUE,0.0218491236503786,1794,75,19,0.253333333333333,0.0105908584169454,"GO:0048870","GO:BP","cell motility",20972,12260,"GO:0009987","IMP,IBA,IDA,IEA,IEA,IMP,IDA IMP,IMP,IDA,IDA,IBA,IDA,IEA,IDA,IBA IEA,IDA,TAS IEA,IMP ISS TAS,IEA","LIMCH1,TUBB2A,AGTR1,PALLD,PTPN11,LCP1,APOE,FZD4,DCN,IGFBP3,SDC2,BAMBI,AQP1,SPARC,CD248,ANGPT1,SCARB1,P2RX4,JAK2","relaxed_no_i2_abs0.1_all_significant"
"query_1",TRUE,0.0228598539358615,2699,75,24,0.32,0.00889218228973694,"GO:0009653","GO:BP","anatomical structure morphogenesis",20972,3414,"GO:0032502;GO:0048856","IGI,IBA IEA,IMP IEA,IEA,IEA,IBA IEA,IEA,ISS IEA,IEA,IEA,TAS IEA,IMP,IMP ISS IBA IEA,ISS,IDA IGI TAS,IEA,IEA,IEA,ISS IBA IEA,IMP,IMP IEP IEA,IDA IBA,IEA,IDA IBA IEA","AGTR1,PALLD,PTPN11,MFGE8,TNFRSF11B,TNMD,TM4SF1,EHD2,FST,SAV1,APOE,PPP2R1B,FZD4,RBPMS2,DCN,UCHL1,CRABP2,NOTCH3,SDC2,BAMBI,AQP1,SPARC,CD248,ANGPT1","relaxed_no_i2_abs0.1_all_significant"
"query_1",TRUE,0.0289884058056452,1341,75,16,0.213333333333333,0.0119313944817301,"GO:0009968","GO:BP","negative regulation of signal transduction",20972,3645,"GO:0007165;GO:0009966;GO:0010648;GO:0023057;GO:0048585","IMP IBA,ISS IEA,IDA IBA,IDA IEA,IEA,IDA,IDA IMP IBA,IDA IGI TAS,ISS,IDA,IDA,NAS,IDA IMP IEA,ISS IEA,IDA,IMP","TMEM170B,CIDEA,TNIP1,WFS1,TNFRSF11B,SQSTM1,FST,APOE,RBPMS2,DCN,UCHL1,IGFBP3,BAMBI,STMN3,FBP1,ANGPT1","relaxed_no_i2_abs0.1_all_significant"
"query_1",TRUE,0.0313311634820732,153,75,6,0.08,0.0392156862745098,"GO:1905952","GO:BP","regulation of lipid localization",20972,23200,"GO:0010876;GO:0032879","NAS,IEA,IMP,IDA IGI IEA,IDA,NAS","AGTR1,PTPN11,LAMTOR1,APOE,SCARB1,P2RX4","relaxed_no_i2_abs0.1_all_significant"
"query_1",TRUE,0.0374358939609385,6063,75,39,0.52,0.00643245917862444,"GO:0007165","GO:BP","signal transduction",20972,2595,"GO:0007154;GO:0009987;GO:0023052;GO:0050794;GO:0051716","IDA IMP IGI ISS IBA TAS IEA,IMP IBA IEA,ISS IEA,IDA ISS IBA IEA,IDA IMP,IDA IBA TAS NAS IEA,IDA IMP ISS IBA TAS IEA,IDA IBA TAS IEA,IBA,TAS IEA,IDA IMP TAS NAS,IDA,IDA IMP ISS IBA NAS IEA,IBA IEA,IMP TAS IEA,IDA IMP IBA IEA,IDA ISS IBA IEA,IDA IMP IGI TAS,IMP,IDA ISS IBA TAS IEA,ISS,IMP NAS,IDA,IDA,TAS,TAS,TAS IEA,IBA IEA,IBA NAS IEA,IDA IMP IBA IEA,IEA,ISS IEA,IDA,IEA,IDA IMP IEA,IDA IMP IBA NAS IEA,IEA,IDA IMP ISS TAS IEA,IDA IMP IGI ISS IBA TAS NAS IEA","MAP3K5,TMEM170B,CIDEA,TNIP1,ARL6IP5,AGTR1,PTPN11,WFS1,MAST3,TNFRSF11B,SQSTM1,TRIM8,LAMTOR1,HCAR2,MRAS,FST,SAV1,APOE,PPP2R1B,FZD4,RBPMS2,COLEC12,DCN,UCHL1,CRABP2,ITPK1,ARHGAP21,NOTCH3,IGFBP3,BAMBI,KLF15,STMN3,FBP1,FABP5,TRIM6,ANGPT1,SCARB1,P2RX4,JAK2","relaxed_no_i2_abs0.1_all_significant"
"query_1",TRUE,0.0380701871142087,1866,75,19,0.253333333333333,0.0101822079314041,"GO:0141124","GO:BP","intracellular signaling cassette",20972,18783,"GO:0035556","IDA IMP ISS IBA TAS IEA,IDA IBA IEA,IMP,IDA,IMP IBA IEA,IMP NAS,IDA,ISS IBA IEA,IMP TAS,IDA IMP,IDA,IDA,TAS,IEA,ISS IEA,IDA,IDA IEA,IDA IMP ISS TAS,IGI ISS TAS IEA","MAP3K5,TNIP1,ARL6IP5,AGTR1,PTPN11,SQSTM1,TRIM8,LAMTOR1,MRAS,APOE,DCN,UCHL1,ARHGAP21,IGFBP3,STMN3,FBP1,ANGPT1,P2RX4,JAK2","relaxed_no_i2_abs0.1_all_significant"
"query_1",TRUE,0.0403055485687066,7337,75,44,0.586666666666667,0.00599700149925037,"GO:0032501","GO:BP","multicellular organismal process",20972,7116,"GO:0008150","IBA IEA,IMP ISS IEA,IEA,ISS IEA,IMP,IDA IMP IGI NAS IC IEA,IDA,IBA,IDA IMP ISS TAS IEA,IMP IEA,IEA,ISO TAS IEA,IBA IEA,IEA,IEA,IEA,IDA ISS,IDA IEA,IEA,IDA,IDA IMP IGI ISS TAS IEA,IMP ISS IBA IEA,ISS,IDA,IEA,IEA,TAS IEA,IEA,IEA,IEA,ISS IBA IEA,IMP,ISS IEA,ISS IBA TAS IEA,IDA IMP IEP IBA TAS IEA,IMP ISS IEA,IDA IBA,IEA,IMP,IDA IMP ISS IBA IEA,IDA ISS IBA IEA,IMP ISS TAS NAS IEA,IDA ISS IBA NAS IEA,IMP","TUBB2A,CIDEA,ARL6IP5,AKIRIN2,ALDH3A2,AGTR1,MMD,PALLD,PTPN11,WFS1,MFGE8,TNFRSF11B,TNMD,TM4SF1,SQSTM1,TRIM8,HCAR2,FST,SAV1,LCP1,APOE,FZD4,RBPMS2,DCN,UCHL1,CRABP2,ITPK1,CCND2,NOTCH3,IGFBP3,SDC2,BAMBI,KLF15,STMN3,AQP1,FABP5,SPARC,CD248,TRIM6,ANGPT1,SCARB1,P2RX4,JAK2,CLMP","relaxed_no_i2_abs0.1_all_significant"
"query_1",TRUE,0.0449192434473001,48,75,4,0.0533333333333333,0.0833333333333333,"GO:0140353","GO:BP","lipid export from cell",20972,18503,"GO:0006869;GO:0140352","NAS,IEA,IEA,NAS","AGTR1,PTPN11,FZD4,P2RX4","relaxed_no_i2_abs0.1_all_significant"
"query_1",TRUE,0.0461753880727604,98,75,5,0.0666666666666667,0.0510204081632653,"GO:0050886","GO:BP","endocrine process",20972,12467,"GO:0003008","IDA NAS IC,IEA,ISS,IEA,IEA","AGTR1,PTPN11,HCAR2,FZD4,AQP1","relaxed_no_i2_abs0.1_all_significant"
"query_1",TRUE,0.0497449182111614,1094,75,14,0.186666666666667,0.0127970749542962,"GO:0035295","GO:BP","tube development",20972,8374,"GO:0007275;GO:0048856","IGI,IEA,IBA IEA,IEA,IEA,IEA,ISS,IDA,IEA,IEA,IMP IEA,IDA IBA,IDA IBA IEA,IMP","AGTR1,MFGE8,TNMD,SAV1,APOE,FZD4,RBPMS2,DCN,ITPK1,NOTCH3,AQP1,SPARC,ANGPT1,CLMP","relaxed_no_i2_abs0.1_all_significant"
"query_1",TRUE,0.000245351418311063,2111,80,23,0.2875,0.0108953102794884,"GO:0070062","GO:CC","extracellular exosome",22155,2352,"GO:0005615;GO:1903561","HDA,HDA,HDA,HDA,HDA,HDA,HDA,HDA,HDA,HDA,HDA,IDA HDA,HDA,HDA,IDA HDA IEA,HDA,HDA,HDA,HDA,HDA,HDA,HDA,HDA","COBLL1,TUBB2A,QPRT,MFGE8,COL6A3,GALM,SQSTM1,LAMTOR1,SPTAN1,EHD2,LCP1,APOE,PPP2R1B,CRABP2,AQP1,FBP1,FABP5,CFH,ALDH1L1,CD248,ANGPT1,SCARB1,P2RX4","relaxed_no_i2_abs0.1_all_significant"
"query_1",TRUE,0.000313708504433292,2141,80,23,0.2875,0.0107426436244745,"GO:1903561","GO:CC","extracellular vesicle",22155,3698,"GO:0031982;GO:0065010","HDA,HDA,HDA,HDA,HDA,HDA,HDA,HDA,HDA,HDA,HDA,IDA HDA IBA,HDA,HDA,IDA HDA IEA,HDA,HDA,HDA,HDA,HDA,HDA,HDA,HDA","COBLL1,TUBB2A,QPRT,MFGE8,COL6A3,GALM,SQSTM1,LAMTOR1,SPTAN1,EHD2,LCP1,APOE,PPP2R1B,CRABP2,AQP1,FBP1,FABP5,CFH,ALDH1L1,CD248,ANGPT1,SCARB1,P2RX4","relaxed_no_i2_abs0.1_all_significant"
"query_1",TRUE,0.000316263508920116,2142,80,23,0.2875,0.0107376283846872,"GO:0065010","GO:CC","extracellular membrane-bounded organelle",22155,2332,"GO:0043227;GO:0043230","HDA,HDA,HDA,HDA,HDA,HDA,HDA,HDA,HDA,HDA,HDA,IDA HDA IBA,HDA,HDA,IDA HDA IEA,HDA,HDA,HDA,HDA,HDA,HDA,HDA,HDA","COBLL1,TUBB2A,QPRT,MFGE8,COL6A3,GALM,SQSTM1,LAMTOR1,SPTAN1,EHD2,LCP1,APOE,PPP2R1B,CRABP2,AQP1,FBP1,FABP5,CFH,ALDH1L1,CD248,ANGPT1,SCARB1,P2RX4","relaxed_no_i2_abs0.1_all_significant"
"query_1",TRUE,0.000316263508920116,2142,80,23,0.2875,0.0107376283846872,"GO:0043230","GO:CC","extracellular organelle",22155,1844,"GO:0005576;GO:0043226","HDA,HDA,HDA,HDA,HDA,HDA,HDA,HDA,HDA,HDA,HDA,IDA HDA IBA,HDA,HDA,IDA HDA IEA,HDA,HDA,HDA,HDA,HDA,HDA,HDA,HDA","COBLL1,TUBB2A,QPRT,MFGE8,COL6A3,GALM,SQSTM1,LAMTOR1,SPTAN1,EHD2,LCP1,APOE,PPP2R1B,CRABP2,AQP1,FBP1,FABP5,CFH,ALDH1L1,CD248,ANGPT1,SCARB1,P2RX4","relaxed_no_i2_abs0.1_all_significant"
"query_1",TRUE,0.000379685474250717,3252,80,29,0.3625,0.00891758917589176,"GO:0005615","GO:CC","extracellular space",22155,227,"GO:0005576;GO:0110165","HDA,HDA,HDA,HDA IEA,IDA,HDA IBA,HDA,HDA,HDA,HDA,HDA,IBA,HDA,IDA HDA ISS IBA TAS IEA,HDA,IBA,HDA IBA,HDA,IDA IBA IC IEA,IDA HDA IEA,HDA IEA,HDA IEA,HDA IBA TAS NAS,HDA,IBA IEA,HDA,IDA HDA IBA,HDA,HDA","COBLL1,TUBB2A,QPRT,MFGE8,TNFRSF11B,COL6A3,GALM,SQSTM1,LAMTOR1,SPTAN1,EHD2,FST,LCP1,APOE,PPP2R1B,COLEC12,DCN,CRABP2,IGFBP3,AQP1,FBP1,FABP5,CFH,ALDH1L1,SPARC,CD248,ANGPT1,SCARB1,P2RX4","relaxed_no_i2_abs0.1_all_significant"
"query_1",TRUE,0.00114513388359507,4249,80,33,0.4125,0.0077665333019534,"GO:0005576","GO:CC","extracellular region",22155,194,"GO:0110165","HDA,HDA,HDA,HDA TAS IEA,IDA TAS NAS IEA,HDA IBA TAS IEA,HDA,HDA,IEA,HDA,HDA TAS,HDA,IBA TAS IEA,HDA,IDA IEP HDA ISS IBA TAS IEA,HDA,IBA,HDA IBA TAS IEA,HDA,IEA,TAS,IDA IBA TAS NAS IC IEA,IDA HDA IEA,HDA IEA,HDA TAS IEA,HDA IBA TAS NAS IEA,HDA,HDA IBA TAS NAS IEA,HDA,IDA HDA IBA TAS IEA,IEA,HDA,HDA","COBLL1,TUBB2A,QPRT,MFGE8,TNFRSF11B,COL6A3,GALM,SQSTM1,FGFBP2,LAMTOR1,SPTAN1,EHD2,FST,LCP1,APOE,PPP2R1B,COLEC12,DCN,CRABP2,PAPLN,NOTCH3,IGFBP3,AQP1,FBP1,FABP5,CFH,ALDH1L1,SPARC,CD248,ANGPT1,FNDC1,SCARB1,P2RX4","relaxed_no_i2_abs0.1_all_significant"
"query_1",TRUE,0.00331625431521593,4032,80,31,0.3875,0.00768849206349206,"GO:0031982","GO:CC","vesicle",22155,1199,"GO:0043227","HDA,HDA,HDA,IEA,IDA IEA,HDA IEA,HDA,HDA,HDA IEA,HDA ISS TAS NAS IEA,HDA TAS,IDA HDA IBA TAS IEA,HDA,IDA HDA IBA TAS IEA,HDA,ISS IEA,TAS,TAS,HDA,IEA,IDA HDA IEA,HDA,HDA TAS,HDA,HDA,IDA TAS,HDA,HDA,HDA TAS,HDA,TAS","COBLL1,TUBB2A,QPRT,MMD,WFS1,MFGE8,COL6A3,GALM,SQSTM1,LAMTOR1,SPTAN1,EHD2,LCP1,APOE,PPP2R1B,CYB561A3,FZD4,COLEC12,CRABP2,ARHGAP21,AQP1,FBP1,FABP5,CFH,ALDH1L1,SPARC,CD248,ANGPT1,SCARB1,P2RX4,JAK2","relaxed_no_i2_abs0.1_all_significant"
"query_1",TRUE,0.00879854503521064,12601,80,63,0.7875,0.00499960320609475,"GO:0005737","GO:CC","cytoplasm",22155,304,"GO:0005622;GO:0110165","IDA TAS IEA,IEA,IBA IEA,ISS TAS IEA,IDA TAS IEA,IEA,IEA,IBA TAS,IDA IBA TAS IEA,IDA IEA,IDA IBA IEA,IDA HTP IBA TAS IC IEA,IDA IBA TAS NAS IEA,IDA ISS IBA TAS NAS IEA,TAS IEA,ISS IEA,IEA,TAS,IEA,IDA IBA TAS IC IEA,IDA TAS IEA,TAS IEA,IDA IPI ISS IBA TAS NAS IEA,IDA IEA,IDA IBA TAS IEA,IBA TAS IEA,IDA ISS IBA TAS IEA,IDA,IEA,IDA IBA TAS IEA,IDA IBA NAS IEA,IDA TAS NAS IEA,IBA,HDA ISS IBA IEA,TAS,IDA IBA IEA,TAS,TAS,IDA ISS IBA TAS IEA,IDA IBA TAS IEA,TAS,IDA IBA TAS IEA,IDA IPI HDA IBA TAS NAS IEA,IDA TAS IEA,IDA IBA IEA,TAS IEA,TAS,TAS,IDA,IDA IEA,IDA HTP IBA IEA,IDA ISS IBA IEA,IDA,IDA ISS IBA TAS,IDA IBA TAS IEA,IDA HTP TAS IEA,IDA TAS,IEA,IDA IBA IEA,IDA HDA TAS IEA,IDA HDA IEA,IDA IBA TAS IEA,IDA IEA","MAP3K5,LIMCH1,TUBB2A,CIDEA,TNIP1,ARL6IP5,AKIRIN2,QPRT,ALDH3A2,MMD,PALLD,PTPN11,DHDDS,WFS1,MFGE8,MAST3,TNMD,COL6A3,GALM,SQSTM1,TRIM8,LONRF1,LAMTOR1,MEX3B,SRXN1,SPTAN1,EHD2,MRAS,FST,SAV1,LCP1,APOE,PPP2R1B,CYB561A3,FZD4,RBPMS2,COLEC12,DCN,UCHL1,CRABP2,ITPK1,CCND2,RPL21,ARHGAP21,DENND2D,NOTCH3,IGFBP3,SDC2,BAMBI,ORC4,MGME1,STMN3,AQP1,FBP1,FABP5,ALDH1L1,SPARC,CD248,TRIM6,SCARB1,P2RX4,JAK2,CLMP","relaxed_no_i2_abs0.1_all_significant"
"query_1",TRUE,0.0221568022340451,289,80,7,0.0875,0.0242214532871972,"GO:0045121","GO:CC","membrane raft",22155,2092,"GO:0098857","ISS IEA,IDA IEA,IDA,IEA,IDA,IBA TAS IEA,ISS IEA","LAMTOR1,EHD2,PPP2R1B,AQP1,ANGPT1,SCARB1,JAK2","relaxed_no_i2_abs0.1_all_significant"
"query_1",TRUE,0.0231308679702767,291,80,7,0.0875,0.0240549828178694,"GO:0098857","GO:CC","membrane microdomain",22155,3217,"GO:0016020","ISS IEA,IDA IEA,IDA,IEA,IDA,IBA TAS IEA,ISS IEA","LAMTOR1,EHD2,PPP2R1B,AQP1,ANGPT1,SCARB1,JAK2","relaxed_no_i2_abs0.1_all_significant"
"query_1",TRUE,0.000127943624664664,15082,80,77,0.9625,0.00510542368386156,"GO:0005515","GO:MF","protein binding",20208,1455,"GO:0005488","IDA IPI IEA,IPI,IDA IPI IBA IEA,IPI HDA IEA,IPI,ISS IEA,IDA IPI IBA,IPI,IPI,IPI,IPI,IPI,IPI,IPI IBA TAS IEA,IPI ISS IBA IEA,IPI,IDA IPI IEA,IEA,IPI IEA,IPI IEA,IPI,IPI,IPI,IEA,IDA IPI ISS IBA TAS IEA,IPI,IPI IEA,IPI IBA IEA,IPI,IPI,IPI,IPI HDA IBA TAS IEA,IPI IEA,IPI,IPI IEA,IPI IEA,IPI IMP ISS IBA NAS IEA,IDA IPI NAS IEA,IPI IEA,IPI,IDA IPI IBA TAS IEA,IPI IEA,IPI,IPI IEA,IPI,IDA IPI IEA,IDA IPI,IPI,IPI,IPI,IPI,IPI,IPI IEA,IPI,IPI HDA IEA,IPI IBA NAS IEA,IPI,IPI IBA TAS,IPI,IPI,IPI,IPI ISS IBA IEA,IPI IEA,IPI IMP,IDA IPI,IDA IPI IBA,IPI,IPI IEA,IPI IBA,IPI IBA IEA,IPI,IPI IBA IEA,IEA,IPI IEA,IPI ISS,IDA IPI ISS IBA IEA,IPI","MAP3K5,TMEM170B,LIMCH1,COBLL1,TUBB2A,CIDEA,TNIP1,ARL6IP5,AKIRIN2,QPRT,ALDH3A2,AGTR1,MMD,PALLD,PTPN11,DHDDS,WFS1,MFGE8,MAST3,TNFRSF11B,HNRNPH3,TNMD,TM4SF1,COL6A3,SQSTM1,TRIM8,LONRF1,FGFBP2,LAMTOR1,MEX3B,SRXN1,SPTAN1,EHD2,MRAS,FST,SAV1,LCP1,APOE,PPP2R1B,CYB561A3,FZD4,RBPMS2,COLEC12,DCN,SLF2,UCHL1,CRABP2,ITPK1,VGLL3,CCND2,RPL21,HLF,ARHGAP21,DENND2D,NOTCH3,IGFBP3,SDC2,BAMBI,KLF15,ORC4,MGME1,STMN3,AQP1,FBP1,FABP5,CFH,ALDH1L1,SPARC,CD248,TRIM6,TMEM252,ANGPT1,FNDC1,SCARB1,P2RX4,JAK2,CLMP","relaxed_no_i2_abs0.1_all_significant"
"query_1",TRUE,0.00114763129815572,2179,80,24,0.3,0.0110142267094998,"GO:0042802","GO:MF","identical protein binding",20208,5080,"GO:0005515","IDA IPI,ISS IEA,IPI,IPI,IPI,IPI,IPI IEA,IPI,IEA,IPI,IEA,IDA IPI,IPI,IPI IEA,IPI,IPI,IPI,IPI,IDA,IPI,IPI,IPI,IPI,IPI","MAP3K5,CIDEA,TNIP1,AKIRIN2,QPRT,ALDH3A2,SQSTM1,TRIM8,EHD2,SAV1,LCP1,APOE,FZD4,RBPMS2,NOTCH3,SDC2,AQP1,FBP1,FABP5,CFH,TRIM6,ANGPT1,P2RX4,JAK2","relaxed_no_i2_abs0.1_all_significant"
"query_1",TRUE,0.0251105993205008,18,80,3,0.0375,0.166666666666667,"GO:0043395","GO:MF","heparan sulfate proteoglycan binding",20208,5186,"GO:0043394","IEA,IDA IEA,IDA","FST,APOE,CFH","relaxed_no_i2_abs0.1_all_significant"
"query_1",TRUE,0.0102903796051376,190,29,5,0.172413793103448,0.0263157894736842,"GO:0033002","GO:BP","muscle cell proliferation",20972,7457,"GO:0008283","IEA,IEA,ISS IEA,IDA,IEA","MAP3K5,SAV1,APOE,IGFBP3,JAK2","relaxed_no_i2_abs0.1_upregulated"
"query_1",TRUE,0.0319567705497541,37,29,3,0.103448275862069,0.0810810810810811,"GO:0045429","GO:BP","positive regulation of nitric oxide biosynthetic process",20972,10604,"GO:0006809;GO:0009891;GO:0045428","IDA,NAS,IEA","APOE,P2RX4,JAK2","relaxed_no_i2_abs0.1_upregulated"
"query_1",TRUE,0.0350327836727487,117,29,4,0.137931034482759,0.0341880341880342,"GO:0015908","GO:BP","fatty acid transport",20972,4765,"GO:0006869;GO:0015718","IDA,IBA,IMP IBA,NAS","APOE,CRABP2,FABP5,P2RX4","relaxed_no_i2_abs0.1_upregulated"
"query_1",TRUE,0.0424190404108894,433,29,6,0.206896551724138,0.0138568129330254,"GO:0006869","GO:BP","lipid transport",20972,2401,"GO:0006810;GO:0010876","IEA,NAS,IDA IGI ISS IBA IEA,IBA,IMP IBA IEA,NAS","CIDEA,AGTR1,APOE,CRABP2,FABP5,P2RX4","relaxed_no_i2_abs0.1_upregulated"
"query_1",TRUE,0.0454474495307424,125,29,4,0.137931034482759,0.032,"GO:0048660","GO:BP","regulation of smooth muscle cell proliferation",20972,12069,"GO:0042127;GO:0048659","IEA,ISS IEA,IDA,IEA","MAP3K5,APOE,IGFBP3,JAK2","relaxed_no_i2_abs0.1_upregulated"
"query_1",TRUE,0.0492843067760924,6,29,2,0.0689655172413793,0.333333333333333,"GO:1990379","GO:BP","lipid transport across blood-brain barrier",20972,23298,"GO:0006869;GO:0150104","IDA,IMP","APOE,FABP5","relaxed_no_i2_abs0.1_upregulated"
"query_1",TRUE,0.0498843048658799,128,29,4,0.137931034482759,0.03125,"GO:0048659","GO:BP","smooth muscle cell proliferation",20972,12068,"GO:0033002","IEA,ISS IEA,IDA,IEA","MAP3K5,APOE,IGFBP3,JAK2","relaxed_no_i2_abs0.1_upregulated"
"query_1",TRUE,0.0293084083246643,4249,33,16,0.484848484848485,0.00376559190397741,"GO:0005576","GO:CC","extracellular region",22155,194,"GO:0110165","HDA IBA TAS IEA,HDA,IEA,IBA TAS IEA,HDA,IDA IEP HDA ISS IBA TAS IEA,IBA,HDA IBA TAS IEA,HDA,IEA,IDA IBA TAS NAS IC IEA,HDA IEA,HDA TAS IEA,HDA,IEA,HDA","COL6A3,GALM,FGFBP2,FST,LCP1,APOE,COLEC12,DCN,CRABP2,PAPLN,IGFBP3,FBP1,FABP5,ALDH1L1,FNDC1,P2RX4","relaxed_no_i2_abs0.1_upregulated"
"query_1",TRUE,0.0126691972485689,57,46,4,0.0869565217391304,0.0701754385964912,"GO:0060986","GO:BP","endocrine hormone secretion",20972,14061,"GO:0046879;GO:0050886","IEA,ISS,IEA,IEA","PTPN11,HCAR2,FZD4,AQP1","relaxed_no_i2_abs0.1_downregulated"
"query_1",TRUE,0.00781599453337134,289,47,6,0.127659574468085,0.0207612456747405,"GO:0045121","GO:CC","membrane raft",22155,2092,"GO:0098857","ISS IEA,IDA IEA,IDA,IEA,IDA,IBA TAS IEA","LAMTOR1,EHD2,PPP2R1B,AQP1,ANGPT1,SCARB1","relaxed_no_i2_abs0.1_downregulated"
"query_1",TRUE,0.00812327351245633,291,47,6,0.127659574468085,0.0206185567010309,"GO:0098857","GO:CC","membrane microdomain",22155,3217,"GO:0016020","ISS IEA,IDA IEA,IDA,IEA,IDA,IBA TAS IEA","LAMTOR1,EHD2,PPP2R1B,AQP1,ANGPT1,SCARB1","relaxed_no_i2_abs0.1_downregulated"
"query_1",TRUE,0.0196564792402542,2111,47,14,0.297872340425532,0.00663192799621033,"GO:0070062","GO:CC","extracellular exosome",22155,2352,"GO:0005615;GO:1903561","HDA,HDA,HDA,HDA,HDA,HDA,HDA,HDA,HDA,IDA HDA IEA,HDA,HDA,HDA,HDA","COBLL1,TUBB2A,QPRT,MFGE8,SQSTM1,LAMTOR1,SPTAN1,EHD2,PPP2R1B,AQP1,CFH,CD248,ANGPT1,SCARB1","relaxed_no_i2_abs0.1_downregulated"
"query_1",TRUE,0.022658437914828,4032,47,20,0.425531914893617,0.00496031746031746,"GO:0031982","GO:CC","vesicle",22155,1199,"GO:0043227","HDA,HDA,HDA,IEA,IDA IEA,HDA IEA,HDA IEA,HDA ISS TAS NAS IEA,HDA TAS,IDA HDA IBA TAS IEA,HDA,ISS IEA,TAS,IEA,IDA HDA IEA,HDA,IDA TAS,HDA,HDA,HDA TAS","COBLL1,TUBB2A,QPRT,MMD,WFS1,MFGE8,SQSTM1,LAMTOR1,SPTAN1,EHD2,PPP2R1B,CYB561A3,FZD4,ARHGAP21,AQP1,CFH,SPARC,CD248,ANGPT1,SCARB1","relaxed_no_i2_abs0.1_downregulated"
"query_1",TRUE,0.0229097394856216,2141,47,14,0.297872340425532,0.00653900046707146,"GO:1903561","GO:CC","extracellular vesicle",22155,3698,"GO:0031982;GO:0065010","HDA,HDA,HDA,HDA,HDA,HDA,HDA,HDA,HDA,IDA HDA IEA,HDA,HDA,HDA,HDA","COBLL1,TUBB2A,QPRT,MFGE8,SQSTM1,LAMTOR1,SPTAN1,EHD2,PPP2R1B,AQP1,CFH,CD248,ANGPT1,SCARB1","relaxed_no_i2_abs0.1_downregulated"
"query_1",TRUE,0.0230258716463938,2142,47,14,0.297872340425532,0.0065359477124183,"GO:0043230","GO:CC","extracellular organelle",22155,1844,"GO:0005576;GO:0043226","HDA,HDA,HDA,HDA,HDA,HDA,HDA,HDA,HDA,IDA HDA IEA,HDA,HDA,HDA,HDA","COBLL1,TUBB2A,QPRT,MFGE8,SQSTM1,LAMTOR1,SPTAN1,EHD2,PPP2R1B,AQP1,CFH,CD248,ANGPT1,SCARB1","relaxed_no_i2_abs0.1_downregulated"
"query_1",TRUE,0.0230258716463938,2142,47,14,0.297872340425532,0.0065359477124183,"GO:0065010","GO:CC","extracellular membrane-bounded organelle",22155,2332,"GO:0043227;GO:0043230","HDA,HDA,HDA,HDA,HDA,HDA,HDA,HDA,HDA,IDA HDA IEA,HDA,HDA,HDA,HDA","COBLL1,TUBB2A,QPRT,MFGE8,SQSTM1,LAMTOR1,SPTAN1,EHD2,PPP2R1B,AQP1,CFH,CD248,ANGPT1,SCARB1","relaxed_no_i2_abs0.1_downregulated"
"query_1",TRUE,0.0334832814969741,12601,47,39,0.829787234042553,0.0030949924609158,"GO:0005737","GO:CC","cytoplasm",22155,304,"GO:0005622;GO:0110165","IEA,IBA IEA,IDA TAS IEA,IEA,IEA,IBA TAS,IDA IBA TAS IEA,IDA IEA,IDA IBA IEA,IDA HTP IBA TAS IC IEA,IDA IBA TAS NAS IEA,IDA ISS IBA TAS NAS IEA,TAS IEA,ISS IEA,IEA,IDA IBA TAS IC IEA,IDA TAS IEA,IDA IPI ISS IBA TAS NAS IEA,IDA IEA,IDA IBA TAS IEA,IBA TAS IEA,IDA ISS IBA TAS IEA,IDA,IBA,HDA ISS IBA IEA,TAS,IDA IBA IEA,IDA ISS IBA TAS IEA,TAS,IDA IBA TAS IEA,IDA TAS IEA,TAS IEA,IDA,IDA,IDA TAS,IEA,IDA IBA IEA,IDA HDA TAS IEA,IDA IEA","LIMCH1,TUBB2A,TNIP1,ARL6IP5,AKIRIN2,QPRT,ALDH3A2,MMD,PALLD,PTPN11,DHDDS,WFS1,MFGE8,MAST3,TNMD,SQSTM1,TRIM8,LAMTOR1,MEX3B,SRXN1,SPTAN1,EHD2,MRAS,PPP2R1B,CYB561A3,FZD4,RBPMS2,UCHL1,ITPK1,CCND2,ARHGAP21,NOTCH3,BAMBI,AQP1,SPARC,CD248,TRIM6,SCARB1,CLMP","relaxed_no_i2_abs0.1_downregulated"
"query_1",TRUE,0.00803057390686158,15082,47,46,0.978723404255319,0.00304999336957963,"GO:0005515","GO:MF","protein binding",20208,1455,"GO:0005488","IPI,IDA IPI IBA IEA,IPI HDA IEA,IPI,IDA IPI IBA,IPI,IPI,IPI,IPI,IPI,IPI IBA TAS IEA,IPI ISS IBA IEA,IPI,IDA IPI IEA,IEA,IPI IEA,IPI IEA,IPI,IPI,IDA IPI ISS IBA TAS IEA,IPI,IPI,IPI,IPI,IPI HDA IBA TAS IEA,IPI IEA,IPI,IPI IEA,IPI,IDA IPI IBA TAS IEA,IPI IEA,IDA IPI IEA,IPI,IPI,IPI,IPI IEA,IPI HDA IEA,IPI IBA TAS,IPI IEA,IDA IPI IBA,IPI IEA,IPI IBA,IPI IBA IEA,IPI IBA IEA,IPI IEA,IPI","TMEM170B,LIMCH1,COBLL1,TUBB2A,TNIP1,ARL6IP5,AKIRIN2,QPRT,ALDH3A2,MMD,PALLD,PTPN11,DHDDS,WFS1,MFGE8,MAST3,TNFRSF11B,TNMD,TM4SF1,SQSTM1,TRIM8,LAMTOR1,MEX3B,SRXN1,SPTAN1,EHD2,MRAS,PPP2R1B,CYB561A3,FZD4,RBPMS2,UCHL1,ITPK1,VGLL3,CCND2,ARHGAP21,NOTCH3,BAMBI,AQP1,CFH,SPARC,CD248,TRIM6,ANGPT1,SCARB1,CLMP","relaxed_no_i2_abs0.1_downregulated"
